{"cameraMode":{"drawMode":0,"name":"Shaded","section":"Shading Mode"},"sceneLighting":true,"audioPlay":false,"sceneViewState":{"showFog":true,"showMaterialUpdate":false,"showSkybox":true,"showFlares":true,"showImageEffects":true,"showParticleSystems":true},"in2DMode":false,"pivot":{"x":-23.37366485595703,"y":-4.852740287780762,"z":40.8804931640625},"rotation":{"x":-0.09611101448535919,"y":0.7115914821624756,"z":-0.09926462918519974,"w":-0.6889016032218933},"size":102.81169891357422,"orthographic":false}