{"cameraMode":{"drawMode":0,"name":"Shaded","section":"Shading Mode"},"sceneLighting":true,"audioPlay":false,"sceneViewState":{"showFog":true,"showMaterialUpdate":false,"showSkybox":true,"showFlares":true,"showImageEffects":true,"showParticleSystems":true},"in2DMode":false,"pivot":{"x":-16.788387298583986,"y":7.5135579109191898,"z":-0.7956395149230957},"rotation":{"x":0.12082165479660034,"y":-0.078537717461586,"z":0.009589522145688534,"w":0.989518404006958},"size":28.311750411987306,"orthographic":false}