{"cameraMode":{"drawMode":0,"name":"Shaded","section":"Shading Mode"},"sceneLighting":true,"audioPlay":false,"sceneViewState":{"showFog":true,"showMaterialUpdate":false,"showSkybox":true,"showFlares":true,"showImageEffects":true,"showParticleSystems":true},"in2DMode":false,"pivot":{"x":0.06181381642818451,"y":-4.093317031860352,"z":8.241988182067871},"rotation":{"x":0.5524402856826782,"y":0.004501411225646734,"z":-0.002983106067404151,"w":0.8335362076759338},"size":38.35966873168945,"orthographic":false}