{"cameraMode":{"drawMode":0,"name":"Shaded","section":"Shading Mode"},"sceneLighting":true,"audioPlay":false,"sceneViewState":{"showFog":true,"showMaterialUpdate":false,"showSkybox":true,"showFlares":true,"showImageEffects":true,"showParticleSystems":true},"in2DMode":false,"pivot":{"x":-9.080939292907715,"y":2.771742820739746,"z":-2.183398485183716},"rotation":{"x":0.24619857966899873,"y":0.49321693181991579,"z":-0.14787857234477998,"w":0.8211336135864258},"size":3311.82666015625,"orthographic":true}