{"cameraMode":{"drawMode":0,"name":"Shaded","section":"Shading Mode"},"sceneLighting":true,"audioPlay":false,"sceneViewState":{"showFog":true,"showMaterialUpdate":false,"showSkybox":true,"showFlares":true,"showImageEffects":true,"showParticleSystems":true},"in2DMode":false,"pivot":{"x":1.7305101156234742,"y":-1.1935172080993653,"z":15.352256774902344},"rotation":{"x":0.1766694039106369,"y":0.3044215142726898,"z":-0.05756755173206329,"w":0.9342395663261414},"size":5.03605318069458,"orthographic":false}