{"cameraMode":{"drawMode":0,"name":"Shaded","section":"Shading Mode"},"sceneLighting":true,"audioPlay":false,"sceneViewState":{"showFog":true,"showMaterialUpdate":false,"showSkybox":true,"showFlares":true,"showImageEffects":true,"showParticleSystems":true},"in2DMode":false,"pivot":{"x":7.054709434509277,"y":-0.6162691116333008,"z":-10.132477760314942},"rotation":{"x":-0.7029981017112732,"y":0.0104509387165308,"z":-0.010332994163036347,"w":-0.7110418677330017},"size":43.44491958618164,"orthographic":false}