{"cameraMode":{"drawMode":0,"name":"Shaded","section":"Shading Mode"},"sceneLighting":true,"audioPlay":false,"sceneViewState":{"showFog":true,"showMaterialUpdate":false,"showSkybox":true,"showFlares":true,"showImageEffects":true,"showParticleSystems":true},"in2DMode":false,"pivot":{"x":13.086742401123047,"y":52.065635681152347,"z":355.6866455078125},"rotation":{"x":-0.5291897058486939,"y":0.011192879639565945,"z":-0.006982746068388224,"w":-0.8484027981758118},"size":197.6338653564453,"orthographic":true}