{"cameraMode":{"drawMode":0,"name":"Shaded","section":"Shading Mode"},"sceneLighting":true,"audioPlay":false,"sceneViewState":{"showFog":true,"showMaterialUpdate":false,"showSkybox":true,"showFlares":true,"showImageEffects":true,"showParticleSystems":true},"in2DMode":false,"pivot":{"x":1.257524847984314,"y":-1.7753657102584839,"z":-13.457121849060059},"rotation":{"x":0.7853478193283081,"y":0.061058640480041507,"z":-0.07848083227872849,"w":0.6110215187072754},"size":21.440675735473634,"orthographic":true}