{"cameraMode":{"drawMode":0,"name":"Shaded","section":"Shading Mode"},"sceneLighting":true,"audioPlay":false,"sceneViewState":{"showFog":true,"showMaterialUpdate":false,"showSkybox":true,"showFlares":true,"showImageEffects":true,"showParticleSystems":true},"in2DMode":false,"pivot":{"x":13.074261665344239,"y":22.942188262939454,"z":284.6031494140625},"rotation":{"x":-0.5291897058486939,"y":0.011192879639565945,"z":-0.006982746068388224,"w":-0.8484027981758118},"size":157.61663818359376,"orthographic":true}