{"cameraMode":{"drawMode":0,"name":"Shaded","section":"Shading Mode"},"sceneLighting":false,"audioPlay":false,"sceneViewState":{"showFog":true,"showMaterialUpdate":false,"showSkybox":false,"showFlares":true,"showImageEffects":true,"showParticleSystems":true},"in2DMode":false,"pivot":{"x":0.000003814697265625,"y":66.48137664794922,"z":-0.00000762939453125},"rotation":{"x":0.6611160039901733,"y":-0.011277353391051293,"z":0.009880509227514267,"w":0.7501440644264221},"size":202.94664001464845,"orthographic":false}