{"cameraMode":{"drawMode":0,"name":"Shaded","section":"Shading Mode"},"sceneLighting":true,"audioPlay":false,"sceneViewState":{"showFog":true,"showMaterialUpdate":false,"showSkybox":true,"showFlares":true,"showImageEffects":true,"showParticleSystems":true},"in2DMode":false,"pivot":{"x":0.6737287640571594,"y":13.782055854797364,"z":-5.395535469055176},"rotation":{"x":0.7474527359008789,"y":-0.0004031091521028429,"z":0.0004386855289340019,"w":0.6643423438072205},"size":34.32426834106445,"orthographic":true}