{"cameraMode":{"drawMode":0,"name":"Shaded","section":"Shading Mode"},"sceneLighting":true,"audioPlay":false,"sceneViewState":{"showFog":true,"showMaterialUpdate":false,"showSkybox":true,"showFlares":true,"showImageEffects":true,"showParticleSystems":true},"in2DMode":false,"pivot":{"x":-5344.8447265625,"y":4650.35791015625,"z":-177.96090698242188},"rotation":{"x":0.4319370687007904,"y":0.5599863529205322,"z":-0.4324567914009094,"w":0.5593129992485046},"size":5823.5791015625,"orthographic":true}