{"cameraMode":{"drawMode":0,"name":"Shaded","section":"Shading Mode"},"sceneLighting":true,"audioPlay":false,"sceneViewState":{"showFog":true,"showMaterialUpdate":false,"showSkybox":true,"showFlares":true,"showImageEffects":true,"showParticleSystems":true},"in2DMode":false,"pivot":{"x":2.1825742721557619,"y":17.086889266967775,"z":4.5418701171875},"rotation":{"x":0.6223273873329163,"y":-0.0016515861498191953,"z":0.0012961805332452059,"w":0.7827795147895813},"size":18.985231399536134,"orthographic":false}